                  epoch,         train/box_loss,         train/cls_loss,         train/dfl_loss,   metrics/precision(B),      metrics/recall(B),       metrics/mAP50(B),    metrics/mAP50-95(B),           val/box_loss,           val/cls_loss,           val/dfl_loss,                 lr/pg0,                 lr/pg1,                 lr/pg2
                      0,                0.12184,                 1.0646,                0.84947,                0.95335,                0.94248,                 0.9886,                 0.9886,                0.06663,                0.26299,                0.75992,               0.070007,              0.0033326,              0.0033326
                      1,                0.13672,                0.59275,                0.84681,                 0.9873,                0.98357,                0.99418,                0.99418,                0.04338,                0.10598,                0.75408,               0.038687,              0.0053461,              0.0053461
                      2,                 0.1243,                0.54696,                0.84306,                0.98762,                0.98479,                0.99419,                0.99419,                0.03436,                 0.0951,                0.75149,              0.0060472,              0.0060395,              0.0060395
                      3,                0.08975,                0.49261,                0.83803,                 0.9927,                0.98943,                0.99468,                0.99468,                 0.0244,                0.06796,                0.74981,                0.00406,                0.00406,                0.00406
                      4,                0.08121,                0.47186,                0.83719,                0.99077,                0.99117,                0.99462,                0.99462,                0.02338,                0.06528,                0.74915,                0.00406,                0.00406,                0.00406
